Name,Mean,MeanLB,MeanUB,Stddev,StddevLB,StddevUB
decode-0025B-Base32HexNoPadUpper-ByteLazy,1.5774172338633542e-7,1.5741721230678807e-7,1.5822954018644964e-7,1.285648262165326e-9,9.035383845931758e-10,1.798502315632122e-9
decode-001MB-Base32HexNoPadUpper-ByteLazy,1.495616096101078e-3,1.494355549652227e-3,1.497816502874294e-3,5.462703696462353e-6,3.357690456366331e-6,8.32616056774896e-6
