Name,Mean,MeanLB,MeanUB,Stddev,StddevLB,StddevUB
decode-0025B-Base32HexNoPadUpper-ByteLazy,1.585343831107979e-7,1.57998397157742e-7,1.5956724860409857e-7,2.419358145908593e-9,1.4219491707741696e-9,3.888582799371754e-9
decode-010KB-Base32HexNoPadUpper-ByteLazy,1.5170380777161213e-5,1.5138258142161006e-5,1.5211261766891631e-5,1.192851465669446e-7,8.883306117841583e-8,1.6367118887476674e-7
decode-001MB-Base32HexNoPadUpper-ByteLazy,1.4984449686934306e-3,1.4958541190177811e-3,1.5042723700841143e-3,1.2544573354925593e-5,8.265986783215484e-6,2.2063217378334756e-5
