Name,Mean,MeanLB,MeanUB,Stddev,StddevLB,StddevUB
decode-0025B-Base32HexNoPadLower-ByteLazy,1.5910024432651373e-7,1.5851355904904218e-7,1.598523827015623e-7,2.203755055697936e-9,1.7187368863552646e-9,2.8450767489576305e-9
decode-010KB-Base32HexNoPadLower-ByteLazy,1.5150766978946195e-5,1.5119691291942013e-5,1.5200107473796347e-5,1.2325845206464693e-7,8.60929338801567e-8,1.9974986156970433e-7
decode-001MB-Base32HexNoPadLower-ByteLazy,1.499027426923404e-3,1.496432644669197e-3,1.5041463819216762e-3,1.1850544741126195e-5,7.605068821809801e-6,1.9548346165211255e-5
