Name,Mean,MeanLB,MeanUB,Stddev,StddevLB,StddevUB
decode-0025B-Base32HexNoPadLower-ByteLazy,1.5914415813858073e-7,1.587764085686404e-7,1.5958445722932276e-7,1.3172199581130207e-9,1.1605384032758773e-9,1.528649315362146e-9
decode-001MB-Base32HexNoPadLower-ByteLazy,1.5099285631598896e-3,1.5037440212464024e-3,1.521875644209314e-3,2.7301960622391395e-5,1.6546449469848548e-5,4.4933019564881086e-5
