Name,Mean,MeanLB,MeanUB,Stddev,StddevLB,StddevUB
decode-0025B-IdentityBase-Byte,5.129417590733555e-8,5.1139575831875796e-8,5.140975279673492e-8,4.5187550949190855e-10,2.985789881478801e-10,6.433410150466428e-10
decode-010KB-IdentityBase-Byte,5.186929735865036e-8,5.1434536140595486e-8,5.324119340147882e-8,2.316768136514392e-9,4.134757978754809e-10,4.5666196792563385e-9
