Name,Mean,MeanLB,MeanUB,Stddev,StddevLB,StddevUB
decode-0025B-IdentityBase-Byte,5.1676600359681766e-8,5.1433798675827205e-8,5.18955846583787e-8,7.963456407166948e-10,6.361554813157369e-10,1.0538296165747723e-9
