Name,Mean,MeanLB,MeanUB,Stddev,StddevLB,StddevUB
decode-1MB-Base64Pad-Text,1.9219582799681098e-3,1.9189453799848518e-3,1.9264104261974147e-3,1.3214294010655595e-5,9.05136191962378e-6,1.7844318117217797e-5
decode-1MB-Base64Pad-TextLazy,1.9216079474957278e-3,1.9194258665487635e-3,1.9248421310728465e-3,9.216151305813444e-6,6.59790944114069e-6,1.3245419993206648e-5
decode-1MB-Base64Pad-TextShort,1.9481747029171752e-3,1.944108969587933e-3,1.954614220849392e-3,1.674977506059418e-5,1.1315468275798664e-5,2.2370339140996164e-5
decode-1MB-Base64Pad-Byte,1.8952205163833107e-3,1.8915257448242648e-3,1.9019515040960154e-3,1.647127096006769e-5,1.0805124044487898e-5,2.7595177356711914e-5
decode-1MB-Base64Pad-ByteLazy,1.8940119527831385e-3,1.8895272224023556e-3,1.9020601131331807e-3,1.9617550491067893e-5,1.2457729007975163e-5,2.9527100785345547e-5
decode-1MB-Base64Pad-ByteShort,1.9498771958032313e-3,1.9466024975679289e-3,1.9582704983682206e-3,1.7597294930638493e-5,9.061803390202031e-6,2.988035802185494e-5
