Name,Mean,MeanLB,MeanUB,Stddev,StddevLB,StddevUB
decode-1MB-Base64Pad-Text,1.9188900898420768e-3,1.9166334575684149e-3,1.922156932071898e-3,8.956075230248057e-6,6.3602303890027585e-6,1.3489480935412487e-5
decode-1MB-Base64Pad-TextLazy,1.9177431085639393e-3,1.9160274675538527e-3,1.9205139723687673e-3,7.401906216630079e-6,4.636143753426305e-6,1.1481833306761282e-5
decode-1MB-Base64Pad-TextShort,1.9451642417292589e-3,1.9422079491972458e-3,1.9490586024820764e-3,1.1339609773418813e-5,7.882217257053495e-6,1.5084312252759807e-5
decode-1MB-Base64Pad-Byte,1.8920053225810452e-3,1.8895849500314766e-3,1.8956722768805724e-3,1.0036704364316815e-5,7.460430433641948e-6,1.406959843006131e-5
decode-1MB-Base64Pad-ByteLazy,1.8890622281416353e-3,1.8865239972907252e-3,1.8934974025985227e-3,1.1904176585399816e-5,9.029387080265321e-6,1.5857472493195852e-5
decode-1MB-Base64Pad-ByteShort,1.9443689775191376e-3,1.9423904441919174e-3,1.9470973633109291e-3,7.788875730240218e-6,5.817901320025382e-6,9.993168159107276e-6
