Name,Mean,MeanLB,MeanUB,Stddev,StddevLB,StddevUB
decode-1MB-Base64Pad-Text,1.9160154751229333e-3,1.9101756621410562e-3,1.9258788456752586e-3,2.4274718570934222e-5,1.3781782932998302e-5,3.76415765966774e-5
decode-1MB-Base64Pad-TextLazy,1.9260857053575186e-3,1.9199930966399695e-3,1.93590476368641e-3,2.5056246254238845e-5,1.3227264438974569e-5,3.514977312689812e-5
decode-1MB-Base64Pad-TextShort,1.9379816130951752e-3,1.934784384822732e-3,1.944139883384161e-3,1.419902314053699e-5,7.448131237858797e-6,2.2442533737059276e-5
decode-1MB-Base64Pad-Byte,1.8960366363839308e-3,1.8911920224466932e-3,1.907190255866387e-3,2.430781804999968e-5,1.328469673442967e-5,4.230869712314474e-5
decode-1MB-Base64Pad-ByteLazy,1.893087618330189e-3,1.8880389206667883e-3,1.9020402396967603e-3,2.2944051022662416e-5,1.5099965321299718e-5,3.295828756811907e-5
decode-1MB-Base64Pad-ByteShort,1.9510533902137959e-3,1.9459130863960976e-3,1.960395939760101e-3,2.3340990296821885e-5,1.478530949609381e-5,3.478932027139403e-5
