Name,Mean,MeanLB,MeanUB,Stddev,StddevLB,StddevUB
decode-1MB-Base64Pad-ByteLazy,1.936141741607235e-3,1.9252079845243292e-3,1.9498539704723209e-3,4.211100529938449e-5,3.1889320604098844e-5,5.374185281227073e-5
decode-1MB-Base64Pad-Text,1.9331938774873232e-3,1.9293040755622509e-3,1.9399932113468188e-3,1.6534363099011898e-5,1.1949867715053e-5,2.3309560444272544e-5
decode-1MB-Base64Pad-TextLazy,1.925254735772223e-3,1.9211483428541115e-3,1.9307624834887913e-3,1.6101624547629265e-5,1.1801675412574377e-5,2.1214222372310558e-5
decode-1MB-Base64Pad-TextShort,1.9545272151498126e-3,1.9495473913955469e-3,1.9638473376724823e-3,2.154176845899352e-5,1.5701209934372902e-5,3.140307172299173e-5
decode-1MB-Base64Pad-Byte,1.9168796472864092e-3,1.9125221038956367e-3,1.924806349234939e-3,1.8446297742072617e-5,1.3211578860476182e-5,2.998829401892431e-5
decode-1MB-Base64Pad-ByteShort,1.9500792756161752e-3,1.9450622070314098e-3,1.958616860087786e-3,2.1031124324118595e-5,1.5230963437712144e-5,3.0556804542857876e-5
