Name,Mean,MeanLB,MeanUB,Stddev,StddevLB,StddevUB
encode-0025B-IdentityBase-Byte,5.888185044999073e-8,5.866494125053997e-8,5.9092903643224284e-8,7.374983370119528e-10,5.819389996667105e-10,9.522984184403951e-10
