Name,Mean,MeanLB,MeanUB,Stddev,StddevLB,StddevUB
encode-0025B-IdentityBase-Byte,5.862442507785203e-8,5.833245150258315e-8,5.8850289897091546e-8,8.497623963105338e-10,6.855275325213302e-10,1.0639142403837057e-9
encode-010KB-IdentityBase-Byte,2.5026800759412453e-7,2.435305306754527e-7,2.5854161122249433e-7,2.579389531230513e-8,2.263194489692844e-8,2.9864880630753114e-8
