Name,Mean,MeanLB,MeanUB,Stddev,StddevLB,StddevUB
encode-0025B-Base32HexPadLower-ByteLazy,2.3405778253324567e-7,2.3318556744578076e-7,2.3562760754489672e-7,3.750153242250651e-9,2.659416300814124e-9,5.114004355555792e-9
encode-010KB-Base32HexPadLower-ByteLazy,4.919527187313859e-5,4.870862829771593e-5,4.977673424299099e-5,1.791271146884358e-6,1.5222628657513198e-6,2.069567692712174e-6
encode-001MB-Base32HexPadLower-ByteLazy,5.7311257794723505e-3,5.714300575884651e-3,5.7593206789217965e-3,6.342859517649879e-5,4.42006855710121e-5,8.789223739938893e-5
