Name,Mean,MeanLB,MeanUB,Stddev,StddevLB,StddevUB
encode-0025B-Base32HexPadLower-ByteLazy,2.2825163290736063e-7,2.276979216369931e-7,2.2910579088516774e-7,2.341630272083558e-9,1.2738215367224874e-9,3.537396097434975e-9
encode-001MB-Base32HexPadLower-ByteLazy,5.705859545993134e-3,5.696231954550131e-3,5.720619831570641e-3,3.350686934925708e-5,2.435780989108457e-5,5.391080914440624e-5
