Name,Mean,MeanLB,MeanUB,Stddev,StddevLB,StddevUB
encode-0025B-Base64NoPad-ByteLazy,3.485607006909778e-7,3.475168422248286e-7,3.5004766060254734e-7,4.286596142806176e-9,3.081666832909875e-9,6.714728852866826e-9
encode-010KB-Base64NoPad-ByteLazy,4.886746805729076e-6,4.871851856319469e-6,4.906814679775972e-6,5.5249854436644414e-8,4.024374887455104e-8,8.180185345461875e-8
encode-001MB-Base64NoPad-ByteLazy,4.5928424285879835e-4,4.5762811510404746e-4,4.6149126413507396e-4,6.401773567141092e-6,5.271542369397881e-6,8.256084759983022e-6
