Name,Mean,MeanLB,MeanUB,Stddev,StddevLB,StddevUB
encode-0025B-Base64NoPad-ByteLazy,3.454908230639196e-7,3.4452976450981666e-7,3.464404990845773e-7,3.2281373790878074e-9,2.542156121866276e-9,4.1721695792325136e-9
encode-001MB-Base64NoPad-ByteLazy,4.5187913710254956e-4,4.5133677445994305e-4,4.525881948262452e-4,2.1865374051896166e-6,1.6808194881091174e-6,2.930128777127308e-6
