Name,Mean,MeanLB,MeanUB,Stddev,StddevLB,StddevUB
encode-1MB-Base64UrlPad-Text,5.286058499964541e-4,5.275054571472063e-4,5.302069631198315e-4,4.448469697650425e-6,3.4794872283804797e-6,6.103553385018576e-6
encode-1MB-Base64UrlPad-TextLazy,4.96460702499115e-4,4.958877673677993e-4,4.97519549665471e-4,2.4975500330936547e-6,1.737379485690921e-6,3.5310097536717974e-6
encode-1MB-Base64UrlPad-TextShort,5.116062376995218e-4,5.107528286606291e-4,5.130765350760478e-4,3.981580615786303e-6,2.476096148229516e-6,5.920766136071052e-6
encode-1MB-Base64UrlPad-Byte,4.808958378595851e-4,4.7977324625130154e-4,4.838198093257522e-4,5.4659232729667096e-6,2.4977516159745575e-6,1.1162440806185328e-5
encode-1MB-Base64UrlPad-ByteLazy,4.516659980688278e-4,4.5100961117736565e-4,4.528473726459111e-4,2.9634709898568236e-6,2.0398377547119794e-6,4.012084036343256e-6
encode-1MB-Base64UrlPad-ByteShort,5.121696886645962e-4,5.112288799411664e-4,5.137599267146887e-4,4.092557940350288e-6,3.098521545768544e-6,5.613814231142853e-6
