Name,Mean,MeanLB,MeanUB,Stddev,StddevLB,StddevUB
encode-1MB-Base64UrlPad-Text,5.268547997307024e-4,5.242156389784339e-4,5.36074987646732e-4,1.5179126054502856e-5,3.976216811754565e-6,3.095816958092141e-5
encode-1MB-Base64UrlPad-TextLazy,5.000731914120218e-4,4.970341578721145e-4,5.096890637112765e-4,1.594524111170806e-5,5.535986596704978e-6,3.129100978516846e-5
encode-1MB-Base64UrlPad-TextShort,5.14361098075999e-4,5.105711436178252e-4,5.260112140392174e-4,1.880592780459336e-5,7.207834177663499e-6,3.6077221706282124e-5
encode-1MB-Base64UrlPad-Byte,4.839374008777171e-4,4.8025810884290714e-4,4.924334795611679e-4,1.7293596388602256e-5,4.891145657536667e-6,3.0094259364991412e-5
encode-1MB-Base64UrlPad-ByteLazy,4.532240258991547e-4,4.5225570835893893e-4,4.5483014337012223e-4,3.989935564745757e-6,2.666211937352476e-6,5.932330959988976e-6
encode-1MB-Base64UrlPad-ByteShort,5.098266984709938e-4,5.070573139462367e-4,5.140580701174763e-4,1.0777200086509895e-5,7.945333395417465e-6,1.4463821367832124e-5
