Name,Mean,MeanLB,MeanUB,Stddev,StddevLB,StddevUB
encode-0025B-Base32HexNoPadLower-ByteLazy,2.3261014573702334e-7,2.3230767711348464e-7,2.329469137888488e-7,1.106763332274145e-9,8.931686451267886e-10,1.4033272573238304e-9
encode-001MB-Base32HexNoPadLower-ByteLazy,5.505968635016412e-3,5.498512967627533e-3,5.515918431880778e-3,2.6339914806960106e-5,1.888860411196592e-5,3.398035722150703e-5
