Name,Mean,MeanLB,MeanUB,Stddev,StddevLB,StddevUB
encode-0025B-Base32HexNoPadLower-ByteLazy,2.3305020132901685e-7,2.3208615100557162e-7,2.3631357415628973e-7,5.393129866706404e-9,1.8614100108023924e-9,1.0774118833224011e-8
encode-010KB-Base32HexNoPadLower-ByteLazy,4.775530248023032e-5,4.740900383339408e-5,4.817455395377464e-5,1.2967902953190323e-6,1.0420013084592547e-6,1.6755685090762595e-6
encode-001MB-Base32HexNoPadLower-ByteLazy,5.719236603220821e-3,5.705459901525924e-3,5.736140107442922e-3,4.89084629421074e-5,3.6042201110920226e-5,6.65718594841809e-5
