Name,Mean,MeanLB,MeanUB,Stddev,StddevLB,StddevUB
encode-0025B-Base256Emoji-Byte,1.4983694077017128e-6,1.4918260387138494e-6,1.5091760277973795e-6,2.8662222992844762e-8,1.9850568696893e-8,4.309564514130228e-8
encode-010KB-Base256Emoji-Byte,5.9579804575645e-4,5.908969370607385e-4,6.016803139811252e-4,1.8060187113942298e-5,1.323669975017882e-5,2.387271389326609e-5
