Name,Mean,MeanLB,MeanUB,Stddev,StddevLB,StddevUB
encode-0025B-Base256Emoji-Byte,1.4441958567011966e-6,1.4411656296593167e-6,1.4475720321819896e-6,1.0957262935261723e-8,8.7862344329403e-9,1.3955211605643107e-8
