Name,Mean,MeanLB,MeanUB,Stddev,StddevLB,StddevUB
encode-0025B-Base16Lower-ByteLazy,1.1875931716530433e-7,1.185470806200185e-7,1.1893691269970127e-7,6.666304235800793e-10,5.631863912092333e-10,8.056726654214744e-10
encode-001MB-Base16Lower-ByteLazy,9.362881948282763e-4,9.345520079498374e-4,9.399214840340744e-4,8.09768051199779e-6,3.5789023242438965e-6,1.2682850408224534e-5
