Name,Mean,MeanLB,MeanUB,Stddev,StddevLB,StddevUB
encode-0025B-Base16Lower-ByteLazy,1.1950622397509056e-7,1.1903058119154977e-7,1.2074285018750646e-7,2.3394417286685825e-9,9.301067728765835e-10,4.552946840165996e-9
encode-010KB-Base16Lower-ByteLazy,9.586206522959068e-6,9.555159053513669e-6,9.674533323590037e-6,1.5654320712400248e-7,7.630447340599161e-8,3.389811412010094e-7
encode-001MB-Base16Lower-ByteLazy,9.365363505155772e-4,9.345594455316687e-4,9.412783669452854e-4,9.66631350282638e-6,3.5094523203966866e-6,1.8115920059463338e-5
