Name,Mean,MeanLB,MeanUB,Stddev,StddevLB,StddevUB
decode-0025B-Base32NoPadUpper-ByteLazy,1.6069667016950984e-7,1.5980483012704648e-7,1.6178169895898357e-7,3.128085409767992e-9,2.5112652873116986e-9,3.9311396448509624e-9
decode-010KB-Base32NoPadUpper-ByteLazy,1.5250526186717756e-5,1.5213125267951328e-5,1.5305322826087622e-5,1.6119285657279914e-7,1.2048796468515388e-7,2.31121585624584e-7
decode-001MB-Base32NoPadUpper-ByteLazy,1.50193631051152e-3,1.4996115057657174e-3,1.5045298610278535e-3,8.642475680160352e-6,7.142312225166573e-6,1.0653876823660958e-5
