Name,Mean,MeanLB,MeanUB,Stddev,StddevLB,StddevUB
decode-0025B-Base32NoPadUpper-ByteLazy,1.5739175473201336e-7,1.571717422205443e-7,1.5770897026503195e-7,8.703866630546631e-10,6.392997426619733e-10,1.3677229534709915e-9
decode-001MB-Base32NoPadUpper-ByteLazy,1.496184056084532e-3,1.494794775961501e-3,1.4987225049219646e-3,5.829322623770949e-6,3.6490922304294236e-6,8.648658726600367e-6
