Name,Mean,MeanLB,MeanUB,Stddev,StddevLB,StddevUB
encode-1MB-N#Base64Pad-Byte,4.5160759043256615e-4,4.5101360699116393e-4,4.525636031318141e-4,2.612717503371732e-6,1.8732281558742524e-6,3.933464799649874e-6
encode-1MB-N#Base64Pad-ByteLazy,4.513595436272318e-4,4.508512044432932e-4,4.523905877294407e-4,2.260854951017701e-6,1.520374550321746e-6,3.2485977070934633e-6
encode-1MB-X#Base64Pad-Byte,4.793843107168731e-4,4.7901439434139005e-4,4.800756144967919e-4,1.686995740882398e-6,9.737979770737214e-7,2.6196298404309205e-6
encode-1MB-X#Base64Pad-ByteLazy,4.5166897302161826e-4,4.50893640822583e-4,4.527454598971617e-4,3.006877954742062e-6,2.1428218231074496e-6,3.976486243460237e-6
decode-1MB-N#Base64Pad-Byte,1.89310012226869e-3,1.8873178133569362e-3,1.9119039181608342e-3,3.0598369587146356e-5,1.2353963989454093e-5,6.187455415724816e-5
decode-1MB-N#Base64Pad-ByteLazy,1.8921293580879143e-3,1.888988451361032e-3,1.8975326057992937e-3,1.3173870440874234e-5,8.32270975479822e-6,2.120675039074455e-5
