Name,Mean,MeanLB,MeanUB,Stddev,StddevLB,StddevUB
decode-1MB-N#Base64Pad-Byte,1.8878944111913063e-3,1.8853650296686518e-3,1.8929896425176765e-3,1.188958141497239e-5,7.335958124309706e-6,1.965089202754995e-5
decode-1MB-X#Base64Pad-Byte,1.8889732658728812e-3,1.8860394559196423e-3,1.894253804080751e-3,1.3144436051101219e-5,7.707894954078582e-6,2.2547035261754375e-5
