Name,Mean,MeanLB,MeanUB,Stddev,StddevLB,StddevUB
decode-1MB-X#Base64Pad-Byte,1.9103382875147535e-3,1.90494925367175e-3,1.9186875970082168e-3,2.310927118812236e-5,1.599359752164362e-5,3.5685469236679936e-5
