Name,Mean,MeanLB,MeanUB,Stddev,StddevLB,StddevUB
decode-1MB-N#Base64Pad-Byte,1.9112793782273374e-3,1.9023588011388335e-3,1.9228624384117488e-3,3.404840416671552e-5,2.8434591068098477e-5,4.023301967467226e-5
decode-1MB-X#Base64Pad-Byte,1.9717123848644194e-3,1.9638277020860074e-3,1.979677273302982e-3,2.735444817190011e-5,2.0186851517604708e-5,3.841438970631278e-5
