Name,Mean,MeanLB,MeanUB,Stddev,StddevLB,StddevUB
decode-1MB-Base64UrlNoPad-Byte,1.8947683618066292e-3,1.8912124205494316e-3,1.9005255296630082e-3,1.4877737514840464e-5,9.875904593307476e-6,2.1297883935829114e-5
