Name,Mean,MeanLB,MeanUB,Stddev,StddevLB,StddevUB
decode-1MB-N#Base64UrlPad-Byte,1.8873487636174567e-3,1.883175913827439e-3,1.8973886695065117e-3,2.2091032318139964e-5,9.154924253427679e-6,3.927750028684384e-5
decode-1MB-X#Base64UrlPad-Byte,1.8904681850770559e-3,1.886121870531932e-3,1.9060997742782052e-3,2.403641527651588e-5,9.486866770587732e-6,4.7263408633578965e-5
