Name,Mean,MeanLB,MeanUB,Stddev,StddevLB,StddevUB
encode-1MB-N#Base64UrlPad-Byte,4.51859259871397e-4,4.509654910964381e-4,4.5349566976733685e-4,4.021584995463071e-6,2.5519623435041982e-6,6.022316660968953e-6
encode-1MB-N#Base64UrlPad-ByteLazy,4.5277230812909293e-4,4.52037680520042e-4,4.5438332581217925e-4,3.5680372098322147e-6,2.094562499988089e-6,6.048138968207735e-6
encode-1MB-X#Base64UrlPad-Byte,4.798103340423954e-4,4.79052541668471e-4,4.8098391419786307e-4,3.1131338594153384e-6,1.999277782422243e-6,4.746017976568369e-6
encode-1MB-X#Base64UrlPad-ByteLazy,4.5210940880710873e-4,4.512425700267297e-4,4.535010342615473e-4,3.5999749717639646e-6,2.1938302832775417e-6,5.3518065494144635e-6
decode-1MB-N#Base64UrlPad-Byte,1.8982334488286e-3,1.8922117020105094e-3,1.9117135220939865e-3,2.7842684374713813e-5,1.5283080543212635e-5,4.5510175029602265e-5
decode-1MB-N#Base64UrlPad-ByteLazy,1.8965056598486474e-3,1.8915291195291172e-3,1.9054502535825724e-3,2.1306609735681093e-5,1.3102608489610889e-5,3.142294174097741e-5
