Name,Mean,MeanLB,MeanUB,Stddev,StddevLB,StddevUB
decode-0025B-Base32PadUpper-ByteLazy,1.6396380721335843e-7,1.6281912345505555e-7,1.648728391961292e-7,3.568549720076985e-9,2.82002594442073e-9,4.243092961843462e-9
decode-010KB-Base32PadUpper-ByteLazy,1.5242935224420327e-5,1.521272541316514e-5,1.5279227843782294e-5,1.1183413983186684e-7,9.063316109940866e-8,1.4558724171395215e-7
decode-001MB-Base32PadUpper-ByteLazy,1.5051329568487512e-3,1.5012876106054315e-3,1.510037347925521e-3,1.4358447439559884e-5,1.0031097473090005e-5,2.1433894424528964e-5
