Name,Mean,MeanLB,MeanUB,Stddev,StddevLB,StddevUB
decode-0025B-Base32PadUpper-ByteLazy,1.574770507042382e-7,1.5715678999543692e-7,1.578826617831237e-7,1.204807072005215e-9,8.989063354850197e-10,1.6135067311497658e-9
decode-001MB-Base32PadUpper-ByteLazy,1.4958474161235527e-3,1.4949344409447396e-3,1.4974512335242174e-3,4.339943075285824e-6,3.2162291811892882e-6,5.9713346399658665e-6
