Name,Mean,MeanLB,MeanUB,Stddev,StddevLB,StddevUB
decode-0025B-Base32NoPadLower-ByteLazy,1.5843547094079935e-7,1.5796374683540255e-7,1.5919397918711984e-7,2.0168251640682987e-9,1.3328023348156822e-9,3.0056557789914017e-9
decode-001MB-Base32NoPadLower-ByteLazy,1.4997485374790855e-3,1.4974144299669415e-3,1.5046443625195177e-3,1.0759068933429922e-5,7.431789286460133e-6,1.601589574208474e-5
