Name,Mean,MeanLB,MeanUB,Stddev,StddevLB,StddevUB
decode-0025B-Base32NoPadLower-ByteLazy,1.6229568750995819e-7,1.6128660087399283e-7,1.6326345963269388e-7,3.2225254993092614e-9,2.654532563071509e-9,4.008399894072148e-9
decode-010KB-Base32NoPadLower-ByteLazy,1.5326110147822018e-5,1.5277379778025427e-5,1.5390141095775868e-5,1.786493953599407e-7,1.314399435433571e-7,2.395354987260217e-7
decode-001MB-Base32NoPadLower-ByteLazy,1.5121840373194244e-3,1.5078141016859879e-3,1.517369753319583e-3,1.53428057842135e-5,1.2022209842415602e-5,2.065616248324809e-5
