Name,Mean,MeanLB,MeanUB,Stddev,StddevLB,StddevUB
decode-1MB-N#Base64UrlNoPad-Byte,1.969269894784655e-3,1.959450601030871e-3,1.979652945764245e-3,3.405298123467367e-5,3.0433036155348912e-5,3.8661000843053025e-5
decode-1MB-X#Base64UrlNoPad-Byte,1.9368629952573701e-3,1.9339192019426155e-3,1.941624965309275e-3,1.214638927589907e-5,7.732453310867943e-6,1.733706407967204e-5
