Name,Mean,MeanLB,MeanUB,Stddev,StddevLB,StddevUB
encode-1MB-N#Base64UrlNoPad-Byte,4.5163427149006103e-4,4.5103933701054987e-4,4.528968752921715e-4,2.815504565623903e-6,1.6392699318326688e-6,4.571635985474008e-6
encode-1MB-N#Base64UrlNoPad-ByteLazy,4.515817895801017e-4,4.509780245585272e-4,4.526308367602551e-4,2.586073267378401e-6,1.7228486226348506e-6,3.90373084345951e-6
encode-1MB-X#Base64UrlNoPad-Byte,4.79481997492814e-4,4.788386717246291e-4,4.805087333970923e-4,2.801181762042121e-6,1.8038150817464632e-6,4.5617291261419795e-6
encode-1MB-X#Base64UrlNoPad-ByteLazy,4.5203317148408915e-4,4.512094818258225e-4,4.5349548238092497e-4,3.5132857703449026e-6,2.3957493298381636e-6,4.9525607966946554e-6
decode-1MB-N#Base64UrlNoPad-Byte,1.9385555709607765e-3,1.9358786672537588e-3,1.9432328293062801e-3,1.1652410888577204e-5,8.028943627546737e-6,1.7404062185701878e-5
decode-1MB-N#Base64UrlNoPad-ByteLazy,1.936378636882677e-3,1.9339006679737931e-3,1.9406470773892844e-3,1.1335149490435668e-5,7.925024519319519e-6,1.6267049518420277e-5
