Name,Mean,MeanLB,MeanUB,Stddev,StddevLB,StddevUB
encode-0025B-Base64Pad-ByteLazy,2.511700101954164e-7,2.505398031320942e-7,2.518303105483651e-7,2.1748686434013093e-9,1.6085092281866403e-9,2.955719171852997e-9
encode-001MB-Base64Pad-ByteLazy,4.5140140927411534e-4,4.509376238186862e-4,4.5227520148639135e-4,1.8935313494656996e-6,1.265113748018504e-6,2.7310344238819466e-6
