Name,Mean,MeanLB,MeanUB,Stddev,StddevLB,StddevUB
encode-0025B-Base64Pad-ByteLazy,2.446121444418732e-7,2.4073660614579766e-7,2.4749013907424167e-7,1.0581703676107699e-8,8.343745147847526e-9,1.3174963318028349e-8
encode-010KB-Base64Pad-ByteLazy,4.753871874950618e-6,4.735913433416774e-6,4.772266966426112e-6,5.973400987507539e-8,5.03942372360379e-8,6.930139844411509e-8
encode-001MB-Base64Pad-ByteLazy,4.520876654470163e-4,4.51498044128566e-4,4.532766345240282e-4,2.676993277638572e-6,1.542340378402392e-6,4.729593605574716e-6
