Name,Mean,MeanLB,MeanUB,Stddev,StddevLB,StddevUB
decode-0025B-Base64NoPad-ByteLazy,2.535539390064364e-7,2.5230930427140294e-7,2.556635298081069e-7,5.30131055041343e-9,3.8069953688014364e-9,7.62134709756134e-9
decode-010KB-Base64NoPad-ByteLazy,1.9932190815748037e-5,1.9859701386369984e-5,2.002346781052401e-5,2.7196596860683553e-7,2.138671489403823e-7,3.7846453112720665e-7
decode-001MB-Base64NoPad-ByteLazy,1.97760094125058e-3,1.9695129104488136e-3,1.9870361078816756e-3,3.066140051846103e-5,2.5640239170828672e-5,3.8759396414342574e-5
