Name,Mean,MeanLB,MeanUB,Stddev,StddevLB,StddevUB
decode-0025B-Base64NoPad-ByteLazy,2.4922413316585155e-7,2.4887431236725094e-7,2.497128314004767e-7,1.4349690082862586e-9,1.005109215371623e-9,2.4454110493901636e-9
decode-001MB-Base64NoPad-ByteLazy,1.928143854488326e-3,1.9255750047205325e-3,1.9329762060767794e-3,1.183934050269858e-5,7.748699896182867e-6,1.9991580421862058e-5
