Name,Mean,MeanLB,MeanUB,Stddev,StddevLB,StddevUB
decode-0025B-Base16Upper-ByteLazy,1.2712131114595768e-7,1.2695230780696743e-7,1.273326036783789e-7,6.584074410872996e-10,4.971782021560168e-10,8.873661440854754e-10
decode-001MB-Base16Upper-ByteLazy,1.2458804903309507e-3,1.244790538043805e-3,1.2476558544225144e-3,4.528098668363852e-6,3.3021886041917717e-6,6.329426567656121e-6
