Name,Mean,MeanLB,MeanUB,Stddev,StddevLB,StddevUB
decode-0025B-Base16Upper-ByteLazy,1.2708456929364017e-7,1.2662963928961417e-7,1.2867922113593507e-7,2.4869956561262068e-9,1.1979245903695565e-9,5.2241425293910615e-9
decode-010KB-Base16Upper-ByteLazy,1.2640365321810472e-5,1.2601062108717492e-5,1.2792890733874413e-5,2.2100165031885273e-7,4.807360256507524e-8,4.969639924916817e-7
decode-001MB-Base16Upper-ByteLazy,1.249714807967297e-3,1.2456142938883242e-3,1.267043167499121e-3,2.28086509557706e-5,8.194935358358787e-6,4.891897219030024e-5
