Name,Mean,MeanLB,MeanUB,Stddev,StddevLB,StddevUB
encode-0025B-Base2-Byte,1.9381489165436297e-6,1.920595093386847e-6,1.988917507195746e-6,8.643741421412556e-8,2.7941438792471637e-8,1.7470884355745628e-7
encode-010KB-Base2-Byte,8.12355129204862e-4,8.055345935828297e-4,8.309278198157713e-4,3.3814283527383685e-5,1.42775244045124e-5,6.955808197703573e-5
