Name,Mean,MeanLB,MeanUB,Stddev,StddevLB,StddevUB
encode-0025B-Base2-Byte,1.9373963352103198e-6,1.935573097192355e-6,1.9402074912564077e-6,7.512179296454863e-9,4.687707426227028e-9,1.1204475980803644e-8
