Name,Mean,MeanLB,MeanUB,Stddev,StddevLB,StddevUB
decode-0025B-Proquint-Byte,1.7483485683469327e-6,1.7447821862747468e-6,1.7535828903472761e-6,1.4649275879884903e-8,1.122297058355272e-8,2.2656121841393822e-8
