Name,Mean,MeanLB,MeanUB,Stddev,StddevLB,StddevUB
decode-0025B-Proquint-Byte,1.7791898725791693e-6,1.767301959474915e-6,1.8010713178721268e-6,5.160729001420513e-8,3.606920266368228e-8,8.784335033687739e-8
decode-010KB-Proquint-Byte,8.102186553382807e-4,8.046655053278464e-4,8.177231446732179e-4,2.2451817969773826e-5,1.4471470262264474e-5,3.233239712898411e-5
