Name,Mean,MeanLB,MeanUB,Stddev,StddevLB,StddevUB
encode-1MB-Base64Pad-Text,5.423879306188014e-4,5.381576335867579e-4,5.459431537722433e-4,1.3301349600206411e-5,1.0833923390867939e-5,1.5278204714813526e-5
encode-1MB-Base64Pad-TextLazy,4.979429115000095e-4,4.962982151687237e-4,5.027214061317323e-4,8.081398154771625e-6,1.9281132510182706e-6,1.62671376366222e-5
encode-1MB-Base64Pad-TextShort,5.134774504348892e-4,5.115447378748804e-4,5.164984722190522e-4,7.4887396362888494e-6,5.2398260594490325e-6,1.0426566021046434e-5
encode-1MB-Base64Pad-Byte,4.7959480328102814e-4,4.7879966965152945e-4,4.8163523315609204e-4,4.158318737153196e-6,1.137741686910466e-6,8.448316110360575e-6
encode-1MB-Base64Pad-ByteLazy,4.5715780247030557e-4,4.5519710067257684e-4,4.589404535589765e-4,6.704000692901483e-6,6.150825236875669e-6,7.383487752663111e-6
encode-1MB-Base64Pad-ByteShort,5.097594862055588e-4,5.090960203416313e-4,5.107813804003884e-4,2.6230765729197855e-6,1.7341082451662749e-6,3.977590137886575e-6
