Name,Mean,MeanLB,MeanUB,Stddev,StddevLB,StddevUB
encode-1MB-Base64Pad-Text,5.266026844476196e-4,5.248495722162199e-4,5.292548807357025e-4,6.851858625515367e-6,5.21440364187002e-6,8.897450589818444e-6
encode-1MB-Base64Pad-TextLazy,4.988506845290217e-4,4.964097328589295e-4,5.045986345973687e-4,1.1668289665039184e-5,2.7316979380281736e-6,2.1073319827674025e-5
encode-1MB-Base64Pad-TextShort,5.072426172761043e-4,5.058871494012741e-4,5.090582495936905e-4,4.8146954478016616e-6,3.7824510240558567e-6,6.287397964961627e-6
encode-1MB-Base64Pad-Byte,4.810155298424204e-4,4.7959415704427837e-4,4.842456823971953e-4,7.129176636698037e-6,3.0310650037882013e-6,1.1863715926668961e-5
encode-1MB-Base64Pad-ByteLazy,4.5263771576068974e-4,4.5155353591029064e-4,4.545000713842719e-4,4.523814665396888e-6,2.680137232025301e-6,7.0485036182186e-6
encode-1MB-Base64Pad-ByteShort,5.122394365186447e-4,5.108252946180834e-4,5.146166185366176e-4,6.236666491267737e-6,4.295448252771592e-6,9.141634377638815e-6
