Name,Mean,MeanLB,MeanUB,Stddev,StddevLB,StddevUB
encode-1MB-Base64Pad-ByteLazy,4.540592241611878e-4,4.5331107333954594e-4,4.5523238347514126e-4,3.1498915291315876e-6,2.612173008134598e-6,4.223926326761089e-6
encode-1MB-Base64Pad-Text,5.252141345504676e-4,5.238502813209783e-4,5.277885361306805e-4,6.374770013604337e-6,4.4771871185946935e-6,1.0101143753391737e-5
encode-1MB-Base64Pad-TextLazy,5.02168379797111e-4,5.006699228869554e-4,5.043769911710549e-4,6.027907053145644e-6,4.451174961239262e-6,8.564792666659498e-6
encode-1MB-Base64Pad-TextShort,5.112661041207899e-4,5.094587061982444e-4,5.133735262513571e-4,6.520027101871242e-6,4.7265532354139845e-6,7.967250602755448e-6
encode-1MB-Base64Pad-Byte,4.8564588992150226e-4,4.843257123249691e-4,4.8722724771151034e-4,4.753475589892379e-6,3.949369365569452e-6,6.441773819534386e-6
encode-1MB-Base64Pad-ByteShort,5.119350305168016e-4,5.099057968586171e-4,5.143866586231776e-4,7.461715447072375e-6,6.040602043193404e-6,9.43284256405928e-6
