Name,Mean,MeanLB,MeanUB,Stddev,StddevLB,StddevUB
encode-1MB-Base64Pad-Text,5.233026698185893e-4,5.212101316322017e-4,5.281974688657332e-4,9.539189866653925e-6,5.151707636870485e-6,1.6886996381206136e-5
encode-1MB-Base64Pad-TextLazy,4.96334288931965e-4,4.95714538633399e-4,4.980630686677779e-4,3.237775595227112e-6,1.115912759790964e-6,6.498883868024119e-6
encode-1MB-Base64Pad-TextShort,5.127196415699997e-4,5.112264902083785e-4,5.145654380870273e-4,5.147766076464884e-6,4.21806036016467e-6,7.247250248984633e-6
encode-1MB-Base64Pad-Byte,4.791698725627819e-4,4.787231827508186e-4,4.8042612155815704e-4,2.2794800720105084e-6,9.215823379903501e-7,4.476971148143893e-6
encode-1MB-Base64Pad-ByteLazy,4.537467710550093e-4,4.5269379547110175e-4,4.5564415605509984e-4,4.443108805196e-6,2.7305735945230203e-6,7.57980054324702e-6
encode-1MB-Base64Pad-ByteShort,5.08115833017623e-4,5.069296964387537e-4,5.090696587555534e-4,3.4209813347747325e-6,2.877113515731184e-6,4.107048972225574e-6
