Name,Mean,MeanLB,MeanUB,Stddev,StddevLB,StddevUB
decode-0025B-Base32PadLower-ByteLazy,1.5816483429223428e-7,1.579735508245723e-7,1.585233713643079e-7,8.852389641713903e-10,6.10358489761829e-10,1.455385273225828e-9
decode-001MB-Base32PadLower-ByteLazy,1.4968621289771858e-3,1.495608201036974e-3,1.4996405596021216e-3,6.062340246412133e-6,3.6264790870960086e-6,1.0746285129046635e-5
