Name,Mean,MeanLB,MeanUB,Stddev,StddevLB,StddevUB
decode-0025B-Base32PadLower-ByteLazy,1.6127224669447663e-7,1.607035618265471e-7,1.6210774043679866e-7,2.261828243831326e-9,1.6155776742670016e-9,3.42598103102461e-9
decode-010KB-Base32PadLower-ByteLazy,1.5255134935046256e-5,1.5216476371752434e-5,1.5307461127969028e-5,1.4902032338999287e-7,1.0150037407974824e-7,2.0712911030552203e-7
decode-001MB-Base32PadLower-ByteLazy,1.5187564646134762e-3,1.5139646708617158e-3,1.523306176090208e-3,1.5773138510349586e-5,1.305046660018364e-5,1.9214892253356153e-5
