Name,Mean,MeanLB,MeanUB,Stddev,StddevLB,StddevUB
decode-0025B-Base256Emoji-Byte,1.9733661148901383e-5,1.965320706020894e-5,1.9848570117960684e-5,3.283621607937844e-7,2.4711308434621827e-7,4.720228337200486e-7
decode-010KB-Base256Emoji-Byte,6.920396857087899e-3,6.895353944161642e-3,6.957509557046037e-3,9.223636525554977e-5,6.410962882283569e-5,1.3762981821988495e-4
