Name,Mean,MeanLB,MeanUB,Stddev,StddevLB,StddevUB
decode-0025B-Base256Emoji-Byte,1.9042374004319517e-5,1.8992021229352363e-5,1.910099551846181e-5,1.8826260141683148e-7,1.6538210257590243e-7,2.385491268994086e-7
