Name,Mean,MeanLB,MeanUB,Stddev,StddevLB,StddevUB
decode-0025B-Base32HexPadLower-ByteLazy,1.5786691689880342e-7,1.5756408949738368e-7,1.5825553432513388e-7,1.1551546190100565e-9,8.868349918578177e-10,1.6331719697355596e-9
decode-001MB-Base32HexPadLower-ByteLazy,1.4977109661071587e-3,1.4960692324991309e-3,1.4998337740647896e-3,6.281820949135212e-6,4.442175620565739e-6,9.464213847308259e-6
