Name,Mean,MeanLB,MeanUB,Stddev,StddevLB,StddevUB
decode-0025B-Base32HexPadLower-ByteLazy,1.6164506219445063e-7,1.6064576238232278e-7,1.6273546528426487e-7,3.4797443685346115e-9,3.06313936197784e-9,4.432862179397372e-9
decode-010KB-Base32HexPadLower-ByteLazy,1.5483400872405285e-5,1.5407920704510235e-5,1.557491284027482e-5,2.8932998149733497e-7,2.2825742820359987e-7,3.437845711083012e-7
decode-001MB-Base32HexPadLower-ByteLazy,1.5197213764071174e-3,1.5135971874914293e-3,1.5266517377208759e-3,2.1638378175830636e-5,1.7906952109852996e-5,2.595739457624422e-5
