Name,Mean,MeanLB,MeanUB,Stddev,StddevLB,StddevUB
decode-0025B-Base8-Byte,1.0545489827328145e-5,1.0360802113663293e-5,1.1114431639672048e-5,9.120155930711692e-7,1.10389094662255e-7,1.837478135256865e-6
decode-010KB-Base8-Byte,3.993154287815603e-3,3.953042642629123e-3,4.104848171077818e-3,1.9359999281260028e-4,9.499480099690732e-5,3.7244397259628354e-4
