Name,Mean,MeanLB,MeanUB,Stddev,StddevLB,StddevUB
decode-0025B-Base8-Byte,1.0061506173414448e-5,9.968161254259362e-6,1.0375982120522525e-5,5.017030073317791e-7,1.672203123110928e-7,1.0099994668565801e-6
