Name,Mean,MeanLB,MeanUB,Stddev,StddevLB,StddevUB
decode-0025B-Base64UrlNoPad-ByteLazy,2.0897284050168759e-7,2.0822343483593794e-7,2.1021104056439636e-7,3.276709106157013e-9,2.1696880357493225e-9,5.514115542086224e-9
decode-010KB-Base64UrlNoPad-ByteLazy,1.9958935384142034e-5,1.9889124435261746e-5,2.007710883614391e-5,3.0778665090697917e-7,1.935065866547017e-7,4.813617540621121e-7
decode-001MB-Base64UrlNoPad-ByteLazy,1.9549694816267528e-3,1.9498727879330555e-3,1.9635327177450535e-3,2.1660669949862428e-5,1.5562462381600657e-5,2.9941971006651502e-5
