Name,Mean,MeanLB,MeanUB,Stddev,StddevLB,StddevUB
decode-0025B-Base64UrlNoPad-ByteLazy,2.0811801732415341e-7,2.0771341825780886e-7,2.0862045727472242e-7,1.4897707453100881e-9,1.1445043830783266e-9,1.9443418261916224e-9
decode-001MB-Base64UrlNoPad-ByteLazy,1.9780878894648584e-3,1.974977836220928e-3,1.9864503051237295e-3,1.4865338872556678e-5,7.571989813620885e-6,3.070452767630263e-5
