Name,Mean,MeanLB,MeanUB,Stddev,StddevLB,StddevUB
encode-0025B-Base8-Byte,1.3524155373089105e-6,1.3513919349198685e-6,1.353773664949805e-6,4.16097462846871e-9,3.1249340079470173e-9,5.9559560653766496e-9
