Name,Mean,MeanLB,MeanUB,Stddev,StddevLB,StddevUB
encode-0025B-Base8-Byte,1.3545532172841634e-6,1.3378086701658254e-6,1.3947199428381271e-6,8.642519555959437e-8,4.649321385174831e-8,1.5138050752510204e-7
encode-010KB-Base8-Byte,5.136735913810791e-4,5.0869451452683e-4,5.27190951112571e-4,2.5013505784915506e-5,1.2385491080928036e-5,4.9055497815219864e-5
