Name,Mean,MeanLB,MeanUB,Stddev,StddevLB,StddevUB
decode-0025B-Base64Pad-ByteLazy,1.7667732575371281e-7,1.7625705543911713e-7,1.772807970399638e-7,1.6219016703060082e-9,1.1766648491429462e-9,2.352839484382744e-9
decode-010KB-Base64Pad-ByteLazy,1.9078983761741407e-5,1.905400462957437e-5,1.9119035156607475e-5,1.029610221559845e-7,7.721037783064047e-8,1.3031184355651983e-7
decode-001MB-Base64Pad-ByteLazy,1.9010101918309223e-3,1.8974807444348694e-3,1.9065268387076036e-3,1.4698499088441558e-5,1.0759087157759632e-5,1.998076714708685e-5
