Name,Mean,MeanLB,MeanUB,Stddev,StddevLB,StddevUB
decode-0025B-Base64Pad-ByteLazy,1.7817772442348675e-7,1.7787107606257157e-7,1.7857079172441924e-7,1.1648674831904202e-9,8.306984858372437e-10,1.7065909552477158e-9
decode-001MB-Base64Pad-ByteLazy,1.898270190484678e-3,1.8956145206765428e-3,1.9023896811874866e-3,1.0715665639430299e-5,7.384050057445397e-6,1.4403251836162825e-5
