Name,Mean,MeanLB,MeanUB,Stddev,StddevLB,StddevUB
encode-0025B-Base32HexPadUpper-ByteLazy,1.6006728274235346e-7,1.5913773956913913e-7,1.610474340923151e-7,3.1378773604414052e-9,2.622208548996446e-9,3.773782160821195e-9
encode-010KB-Base32HexPadUpper-ByteLazy,9.847887556848013e-6,9.823466240439554e-6,9.896199261248653e-6,1.0810356355989685e-7,5.7834700908967154e-8,1.7547478964477075e-7
encode-001MB-Base32HexPadUpper-ByteLazy,9.92929327769578e-4,9.880180430395522e-4,9.989113297439337e-4,1.857172649930544e-5,1.6987037457299163e-5,2.114206729961504e-5
