Name,Mean,MeanLB,MeanUB,Stddev,StddevLB,StddevUB
encode-0025B-Base32HexPadUpper-ByteLazy,1.5579133256590928e-7,1.5548118353633315e-7,1.562149148901898e-7,1.2882088178252733e-9,1.0278822266529683e-9,1.7999595643015995e-9
encode-001MB-Base32HexPadUpper-ByteLazy,9.717288326378206e-4,9.703400456845312e-4,9.734494657962101e-4,5.179318664794678e-6,3.8359826761877275e-6,7.409855791855255e-6
