Name,Mean,MeanLB,MeanUB,Stddev,StddevLB,StddevUB
decode-1MB-Base64UrlPad-Byte,1.8958029936634606e-3,1.8922586206978232e-3,1.9060026236707196e-3,1.9437394029572026e-5,6.396520053497283e-6,3.9335093589473406e-5
