Name,Mean,MeanLB,MeanUB,Stddev,StddevLB,StddevUB
decode-0025B-Base64UrlPad-ByteLazy,1.8011219626525826e-7,1.7931818537607667e-7,1.8132978168046664e-7,3.4237193463242067e-9,2.6718838416344376e-9,4.518226377072959e-9
decode-010KB-Base64UrlPad-ByteLazy,1.993081874760916e-5,1.978985057221664e-5,2.0126484070038018e-5,5.679738855991042e-7,4.2025754566760497e-7,8.0014947006972e-7
decode-001MB-Base64UrlPad-ByteLazy,1.9502783762030765e-3,1.9365594887227795e-3,1.9639596644788707e-3,4.70259548532432e-5,3.9693523925847294e-5,5.786299485592371e-5
