Name,Mean,MeanLB,MeanUB,Stddev,StddevLB,StddevUB
decode-0025B-Base64UrlPad-ByteLazy,1.7849120423137725e-7,1.780165886025015e-7,1.7903002452560032e-7,1.7310689057354065e-9,1.34443750216922e-9,2.2482623322672695e-9
decode-001MB-Base64UrlPad-ByteLazy,1.895810322418392e-3,1.8929700034268414e-3,1.8998935651422689e-3,1.1374983692669696e-5,7.818738591632113e-6,1.6786445157273478e-5
