Name,Mean,MeanLB,MeanUB,Stddev,StddevLB,StddevUB
encode-0025B-Proquint-Byte,1.4560213173653122e-6,1.4526703590207856e-6,1.4601773142759998e-6,1.327026247755994e-8,1.0182861290756318e-8,1.7522037680320596e-8
