Name,Mean,MeanLB,MeanUB,Stddev,StddevLB,StddevUB
encode-0025B-Proquint-Byte,1.4869223988316005e-6,1.4801283180867229e-6,1.4939383680159114e-6,2.371992280254505e-8,1.8432791157474747e-8,3.28168683067347e-8
encode-010KB-Proquint-Byte,7.077635091327792e-4,7.055189502527639e-4,7.107476077552137e-4,9.131638687324353e-6,6.548648465188699e-6,1.4417680765903462e-5
