Name,Mean,MeanLB,MeanUB,Stddev,StddevLB,StddevUB
encode-0025B-Base32NoPadUpper-ByteLazy,1.5599324811926379e-7,1.5576493804871827e-7,1.562595478135203e-7,8.24717318892993e-10,6.473002568280793e-10,1.1204954785881238e-9
encode-001MB-Base32NoPadUpper-ByteLazy,9.74100046101867e-4,9.729633050148331e-4,9.758547244465923e-4,4.784914306233667e-6,3.658526816971669e-6,6.200152356055813e-6
