Name,Mean,MeanLB,MeanUB,Stddev,StddevLB,StddevUB
encode-0025B-Base32NoPadUpper-ByteLazy,1.5868179158057743e-7,1.5817031513541097e-7,1.5956157418118826e-7,2.2792216013221026e-9,1.6043893287207786e-9,3.3685440675574483e-9
encode-010KB-Base32NoPadUpper-ByteLazy,9.825878911791503e-6,9.80202100335224e-6,9.862361084593423e-6,9.682455937507954e-8,6.828745425075918e-8,1.6172947035479012e-7
encode-001MB-Base32NoPadUpper-ByteLazy,9.814135620210625e-4,9.78698559891022e-4,9.855103498443742e-4,1.0756542682983585e-5,7.878572566007112e-6,1.4929921357771611e-5
