Name,Mean,MeanLB,MeanUB,Stddev,StddevLB,StddevUB
encode-0025B-Base32HexNoPadUpper-ByteLazy,1.5772081091977821e-7,1.5718603981428244e-7,1.5847965470893885e-7,2.2083896694194487e-9,1.3342038600307958e-9,3.253064886334987e-9
encode-010KB-Base32HexNoPadUpper-ByteLazy,9.827703954719736e-6,9.804638833595523e-6,9.865966798278228e-6,1.0082916062572052e-7,7.006867551836013e-8,1.5212136223008682e-7
encode-001MB-Base32HexNoPadUpper-ByteLazy,9.741848728322004e-4,9.723418226088671e-4,9.770369011060645e-4,7.792993698772617e-6,5.769349237638771e-6,1.0742925236330387e-5
