Name,Mean,MeanLB,MeanUB,Stddev,StddevLB,StddevUB
encode-0025B-Base32HexNoPadUpper-ByteLazy,1.5930559513050535e-7,1.586179550249672e-7,1.6003281797648744e-7,2.4198971678757753e-9,2.143991743857476e-9,2.857055420755935e-9
encode-001MB-Base32HexNoPadUpper-ByteLazy,9.712520172251709e-4,9.700883119382092e-4,9.727368112113046e-4,4.670553596632901e-6,3.780393191209353e-6,5.804460249092914e-6
