Name,Mean,MeanLB,MeanUB,Stddev,StddevLB,StddevUB
encode-0025B-Base32PadUpper-ByteLazy,1.5566728207345907e-7,1.5543341767902025e-7,1.5605236555075845e-7,9.677214917852608e-10,6.28935533119351e-10,1.7208659618631934e-9
encode-001MB-Base32PadUpper-ByteLazy,9.726842854747023e-4,9.718134830227745e-4,9.741795222685728e-4,3.800224282065788e-6,2.3778173563172018e-6,5.690367032363265e-6
