Name,Mean,MeanLB,MeanUB,Stddev,StddevLB,StddevUB
encode-0025B-Base32PadUpper-ByteLazy,1.6256781834183598e-7,1.617152186764366e-7,1.6361837074325497e-7,3.2367607922209286e-9,2.5008225073139095e-9,4.108417518846409e-9
encode-010KB-Base32PadUpper-ByteLazy,1.0236189533804338e-5,1.0212503597984628e-5,1.026400536218654e-5,8.649076810182285e-8,7.146820194593866e-8,1.100247760249032e-7
encode-001MB-Base32PadUpper-ByteLazy,1.0079008664350736e-3,1.0061492349396253e-3,1.0116647696371288e-3,8.929872852453603e-6,4.686918995760221e-6,1.623975547929726e-5
