Name,Mean,MeanLB,MeanUB,Stddev,StddevLB,StddevUB
decode-0025B-Base32z-Byte,2.8040925441023203e-7,2.798949264422337e-7,2.8099394963063944e-7,1.7571271756589979e-9,1.4316477765752557e-9,2.163115493539163e-9
