Name,Mean,MeanLB,MeanUB,Stddev,StddevLB,StddevUB
decode-0025B-Base32z-Byte,2.8935557855916297e-7,2.877662317662696e-7,2.9144270625303716e-7,6.045683657865241e-9,4.483781466296212e-9,8.08206409175607e-9
decode-010KB-Base32z-Byte,5.957016448036376e-5,5.919479355701992e-5,5.996831177707611e-5,1.2911471513563475e-6,1.024813345376053e-6,1.727519731722329e-6
