Name,Mean,MeanLB,MeanUB,Stddev,StddevLB,StddevUB
encode-0025B-Base16Upper-ByteLazy,2.0803396330795124e-7,2.071201088111981e-7,2.1060482902869948e-7,4.499750386615796e-9,1.5746855492821932e-9,9.540131441372944e-9
encode-010KB-Base16Upper-ByteLazy,6.508316275378861e-5,6.456346652407679e-5,6.604470351205682e-5,2.151318416917587e-6,1.228931715842896e-6,3.8035071530575077e-6
encode-001MB-Base16Upper-ByteLazy,7.632494112857277e-3,7.6073728081700615e-3,7.685941206544934e-3,1.0037746045464383e-4,5.852501903083528e-5,1.7409705534741123e-4
