Name,Mean,MeanLB,MeanUB,Stddev,StddevLB,StddevUB
encode-0025B-Base16Upper-ByteLazy,1.9954353812821768e-7,1.9929620552461172e-7,1.9986523199501811e-7,9.462577985274536e-10,7.173481274158621e-10,1.2712700804473676e-9
encode-001MB-Base16Upper-ByteLazy,7.399261441286085e-3,7.389358945235137e-3,7.411787618307026e-3,3.4886425932439015e-5,2.9634802485332733e-5,4.520269976605553e-5
