Name,Mean,MeanLB,MeanUB,Stddev,StddevLB,StddevUB
encode-0025B-Base32z-Byte,1.1454693955316579e-7,1.1432129073585451e-7,1.148785265489958e-7,9.551567380361543e-10,6.76723870821423e-10,1.4234704348204576e-9
