Name,Mean,MeanLB,MeanUB,Stddev,StddevLB,StddevUB
encode-0025B-Base32z-Byte,1.1579469944203397e-7,1.1546187087359223e-7,1.1614814227142713e-7,1.101572767282784e-9,8.695616485617927e-10,1.3643625180968223e-9
encode-010KB-Base32z-Byte,8.465146230725973e-6,8.449002868918446e-6,8.483058079568447e-6,5.5646944990437436e-8,4.705668787987228e-8,6.706178554683532e-8
