Name,Mean,MeanLB,MeanUB,Stddev,StddevLB,StddevUB
encode-1MB-Base64UrlNoPad-Text,5.278320561617557e-4,5.268506102979327e-4,5.291036387123824e-4,3.774490243269558e-6,3.0755912419238954e-6,4.995213266222879e-6
encode-1MB-Base64UrlNoPad-TextLazy,4.960154181715583e-4,4.955466313622472e-4,4.967257888756903e-4,1.9013993677122874e-6,1.269771274125978e-6,2.7265238042769082e-6
encode-1MB-Base64UrlNoPad-TextShort,5.11597327829977e-4,5.108286731218164e-4,5.127935766702719e-4,3.432271574775449e-6,2.621686324863821e-6,4.734030050566177e-6
encode-1MB-Base64UrlNoPad-Byte,4.797344720796464e-4,4.7928187577220494e-4,4.8040377921760013e-4,1.8066951795055514e-6,1.349023876501161e-6,2.7851672369236625e-6
encode-1MB-Base64UrlNoPad-ByteLazy,4.517229100694731e-4,4.511247814563108e-4,4.5260048745216733e-4,2.5424544868385043e-6,1.8272284748231864e-6,3.6158420156061866e-6
encode-1MB-Base64UrlNoPad-ByteShort,5.109578039772936e-4,5.102485411779703e-4,5.11915606549646e-4,2.798874864293503e-6,2.1678129180011565e-6,3.4318389412797335e-6
