Name,Mean,MeanLB,MeanUB,Stddev,StddevLB,StddevUB
encode-1MB-Base64UrlNoPad-Text,5.243725671903717e-4,5.230045015271645e-4,5.267634015062503e-4,5.676793322783273e-6,3.212198852031343e-6,1.0164778330742267e-5
encode-1MB-Base64UrlNoPad-TextLazy,4.973597945679876e-4,4.965038907713716e-4,5.00273345426437e-4,4.845966496347793e-6,1.2892727005548135e-6,1.061682304502625e-5
encode-1MB-Base64UrlNoPad-TextShort,5.137116387777445e-4,5.125286611444321e-4,5.157973333802822e-4,5.2875380762364326e-6,3.4302512042881755e-6,8.851993849362606e-6
encode-1MB-Base64UrlNoPad-Byte,4.799394932207244e-4,4.788825198054868e-4,4.83832362908944e-4,5.90103703353805e-6,1.3656258353309518e-6,1.2174685273981304e-5
encode-1MB-Base64UrlNoPad-ByteLazy,4.5198271601935673e-4,4.5144370660293355e-4,4.529002971684443e-4,2.3407709699016663e-6,1.5565826369128933e-6,3.6960208061946005e-6
encode-1MB-Base64UrlNoPad-ByteShort,5.092844558868264e-4,5.086234076530533e-4,5.104980257517923e-4,3.0708454119494833e-6,1.9823368202165057e-6,5.714270965933185e-6
