Name,Mean,MeanLB,MeanUB,Stddev,StddevLB,StddevUB
decode-1MB-Base64UrlNoPad-Text,1.94103687537002e-3,1.9342409139252415e-3,1.954616806194779e-3,3.17554197592385e-5,1.862198907675097e-5,5.432479986518321e-5
decode-1MB-Base64UrlNoPad-TextLazy,1.9882690007375016e-3,1.9847759833467476e-3,1.9957885062479204e-3,1.617459616855202e-5,1.1204756957869302e-5,2.4853193271192156e-5
decode-1MB-Base64UrlNoPad-TextShort,1.9769112742847135e-3,1.9743347868620203e-3,1.9819859174464056e-3,1.1294105185235246e-5,6.510442534085491e-6,1.8206754936179527e-5
decode-1MB-Base64UrlNoPad-Byte,1.8987527926441657e-3,1.8956706408780578e-3,1.9027299194841303e-3,1.1995428180241673e-5,8.670389457167697e-6,1.4986715259921919e-5
decode-1MB-Base64UrlNoPad-ByteLazy,1.9395776614899763e-3,1.9367527580185474e-3,1.943461373926672e-3,1.1236334601023276e-5,7.89849474727871e-6,1.4821363489346492e-5
decode-1MB-Base64UrlNoPad-ByteShort,1.9819326137709317e-3,1.9787608953857473e-3,1.986199497978561e-3,1.3248328390342094e-5,9.847333268605867e-6,1.774967435051596e-5
