Name,Mean,MeanLB,MeanUB,Stddev,StddevLB,StddevUB
decode-1MB-Base64UrlNoPad-Text,1.92586138908592e-3,1.922995766325747e-3,1.9298072884892038e-3,1.2271688373538015e-5,8.010772543876462e-6,1.752574619397868e-5
decode-1MB-Base64UrlNoPad-TextLazy,2.0117950154270687e-3,2.0087166977472625e-3,2.0166974246514147e-3,1.3567709211128975e-5,9.094196615641257e-6,2.1104560708183012e-5
decode-1MB-Base64UrlNoPad-TextShort,1.976297072057437e-3,1.973969687156152e-3,1.9796459842485927e-3,9.480366302788373e-6,5.3746837477163815e-6,1.506942461782384e-5
decode-1MB-Base64UrlNoPad-Byte,1.8884943137765474e-3,1.885678013987362e-3,1.89362028665561e-3,1.236216806983821e-5,7.67248289212049e-6,2.1079578379307104e-5
decode-1MB-Base64UrlNoPad-ByteLazy,1.931916533868086e-3,1.9297005660485146e-3,1.936142991818269e-3,9.739498376562556e-6,5.599059718961086e-6,1.626249946789317e-5
decode-1MB-Base64UrlNoPad-ByteShort,1.977862485753415e-3,1.9746150798739376e-3,1.985230767102229e-3,1.5115997884466524e-5,8.15890078828845e-6,2.8819433598056104e-5
