Name,Mean,MeanLB,MeanUB,Stddev,StddevLB,StddevUB
decode-0025B-Base16Lower-ByteLazy,1.273749249872704e-7,1.2675178489618103e-7,1.29019654861438e-7,3.0666196939847023e-9,1.2525456422127106e-9,6.418217696561227e-9
decode-010KB-Base16Lower-ByteLazy,1.2627149308255766e-5,1.2602574553879705e-5,1.2684753240975831e-5,1.139240295429029e-7,4.454651094914406e-8,2.114839249415572e-7
decode-001MB-Base16Lower-ByteLazy,1.2485218461857918e-3,1.245111695528628e-3,1.2560038387630888e-3,1.6577111024049045e-5,6.059660189874889e-6,3.433041730636124e-5
