Name,Mean,MeanLB,MeanUB,Stddev,StddevLB,StddevUB
decode-0025B-Base16Lower-ByteLazy,1.271430032991658e-7,1.269389593453469e-7,1.274291118956453e-7,7.93615579216104e-10,5.904767211296562e-10,1.1401968601144342e-9
decode-001MB-Base16Lower-ByteLazy,1.2446155120990753e-3,1.243919508997227e-3,1.2458232349011236e-3,3.0687708156496284e-6,2.186488259957159e-6,4.456622609421092e-6
