Name,Mean,MeanLB,MeanUB,Stddev,StddevLB,StddevUB
encode-0025B-Base64UrlNoPad-ByteLazy,2.590642055890622e-7,2.577741185256502e-7,2.607972730273049e-7,5.092678313522954e-9,3.906195536427387e-9,8.01582599984133e-9
encode-010KB-Base64UrlNoPad-ByteLazy,4.767394051988601e-6,4.751750259334632e-6,4.788208597126771e-6,6.293436551444214e-8,4.887593083900551e-8,7.759648967439575e-8
encode-001MB-Base64UrlNoPad-ByteLazy,4.5526683095762694e-4,4.542265469863267e-4,4.5812628828256795e-4,5.151539049875746e-6,2.8022024367757873e-6,9.980465638509792e-6
