Name,Mean,MeanLB,MeanUB,Stddev,StddevLB,StddevUB
encode-0025B-Base64UrlNoPad-ByteLazy,2.513304491343556e-7,2.507983164231905e-7,2.51919548676518e-7,1.8513149040007033e-9,1.4616049761915795e-9,2.415265803395774e-9
encode-001MB-Base64UrlNoPad-ByteLazy,4.5153631579312016e-4,4.5106075695352686e-4,4.5242311113520827e-4,1.996945014004838e-6,1.364013550261955e-6,2.8643780621655885e-6
