Name,Mean,MeanLB,MeanUB,Stddev,StddevLB,StddevUB
decode-1MB-Base64Pad-Byte,1.8982673534406e-3,1.8946133633690563e-3,1.906421880080083e-3,1.806767003879392e-5,1.0002933925516381e-5,3.641578721038052e-5
