Name,Mean,MeanLB,MeanUB,Stddev,StddevLB,StddevUB
decode-1MB-Base64Pad-Byte,1.929317087381112e-3,1.9241240170545602e-3,1.93708541488769e-3,2.1316522934269797e-5,1.5532365582073453e-5,3.3541787672980825e-5
