Name,Mean,MeanLB,MeanUB,Stddev,StddevLB,StddevUB
decode-1MB-Base64Pad-Byte,1.9245334616886287e-3,1.916774512949716e-3,1.9353384435375149e-3,3.2167202945842916e-5,2.450661542052446e-5,4.7013423901107425e-5
