Name,Mean,MeanLB,MeanUB,Stddev,StddevLB,StddevUB
encode-0025B-Base32PadLower-ByteLazy,2.3641848211248915e-7,2.3547199237377163e-7,2.377418007227254e-7,3.4844432930533457e-9,2.672137010989933e-9,4.748199580119588e-9
encode-010KB-Base32PadLower-ByteLazy,3.802073933208705e-5,3.7717514155024e-5,3.835398056974959e-5,1.0881252296987312e-6,9.117333116206914e-7,1.2972023814218962e-6
encode-001MB-Base32PadLower-ByteLazy,4.478149481828586e-3,4.467209682015932e-3,4.494247025940713e-3,4.118828993410117e-5,3.103630665830437e-5,5.539751159265762e-5
