Name,Mean,MeanLB,MeanUB,Stddev,StddevLB,StddevUB
encode-0025B-Base32PadLower-ByteLazy,2.29756464733025e-7,2.2945027926679848e-7,2.3020968484884304e-7,1.1810595336018e-9,9.218897087526967e-10,1.6182669973652334e-9
encode-001MB-Base32PadLower-ByteLazy,4.450379825876219e-3,4.445156528600719e-3,4.458662903373995e-3,2.0221541007173873e-5,1.4773072224275941e-5,2.7413302950398996e-5
