Name,Mean,MeanLB,MeanUB,Stddev,StddevLB,StddevUB
decode-0025B-Base2-Byte,2.039186324824927e-5,2.0204256470518385e-5,2.0885175052251433e-5,9.156418702550377e-7,4.5088873116655493e-7,1.6651981911377454e-6
decode-010KB-Base2-Byte,8.733804700773984e-3,8.68162692322315e-3,8.8814031959662e-3,2.1935583296869428e-4,8.094836913042462e-5,4.152558514987726e-4
