Name,Mean,MeanLB,MeanUB,Stddev,StddevLB,StddevUB
decode-0025B-Base2-Byte,2.004878134843125e-5,2.0002497952804915e-5,2.0097367290575406e-5,1.6762823211022177e-7,1.3567123573062426e-7,2.1825119496107058e-7
