Name,Mean,MeanLB,MeanUB,Stddev,StddevLB,StddevUB
decode-0025B-Base32HexPadUpper-ByteLazy,1.575819414287218e-7,1.573335715322751e-7,1.5808553364538688e-7,1.1016386246030312e-9,6.093830409122234e-10,1.8256706675895676e-9
decode-001MB-Base32HexPadUpper-ByteLazy,1.4968327594368934e-3,1.4952934892397327e-3,1.4993752814858852e-3,6.966560893444254e-6,4.664882075440532e-6,1.047639264347685e-5
