Name,Mean,MeanLB,MeanUB,Stddev,StddevLB,StddevUB
decode-0025B-Base32HexPadUpper-ByteLazy,1.5902221415384322e-7,1.5863861503958932e-7,1.595628376653251e-7,1.4881856072049324e-9,1.1467512667204124e-9,2.065244298908573e-9
decode-010KB-Base32HexPadUpper-ByteLazy,1.5248631378687397e-5,1.5212599855777075e-5,1.5303149374854563e-5,1.4663570608970607e-7,1.0310543936461461e-7,2.1877200445145602e-7
decode-001MB-Base32HexPadUpper-ByteLazy,1.5144227663488774e-3,1.5111900962265059e-3,1.517311174632007e-3,1.080192929256967e-5,9.313411938890668e-6,1.2565737876534294e-5
