Name,Mean,MeanLB,MeanUB,Stddev,StddevLB,StddevUB
encode-0025B-Base32NoPadLower-ByteLazy,2.3222961891958876e-7,2.3171955588849755e-7,2.32993440101976e-7,2.1991282732299327e-9,1.5843568763664078e-9,3.6496559218502517e-9
encode-010KB-Base32NoPadLower-ByteLazy,3.7203807924710514e-5,3.690316844463841e-5,3.756746804989315e-5,1.0767754653035241e-6,8.290252996413171e-7,1.3918437358880726e-6
encode-001MB-Base32NoPadLower-ByteLazy,4.333424854308934e-3,4.314289720080628e-3,4.361106172910138e-3,7.155134539482e-5,5.205455234946582e-5,9.709877965632584e-5
