Name,Mean,MeanLB,MeanUB,Stddev,StddevLB,StddevUB
encode-0025B-Base32NoPadLower-ByteLazy,2.282302416630535e-7,2.2774173843766553e-7,2.2902740117111995e-7,2.010918956579305e-9,1.5228870752537743e-9,2.7302722952217927e-9
encode-001MB-Base32NoPadLower-ByteLazy,4.433207192736413e-3,4.429109964126929e-3,4.442575778122169e-3,1.7895201650038292e-5,1.1744475409674555e-5,2.7653695518883184e-5
