Name,Mean,MeanLB,MeanUB,Stddev,StddevLB,StddevUB
decode-1MB-Base64UrlPad-Text,1.9290223496139236e-3,1.9248638375808727e-3,1.937846367266124e-3,1.89661405956889e-5,7.099588165900255e-6,3.168456962188479e-5
decode-1MB-Base64UrlPad-TextLazy,1.930126622112736e-3,1.9257422872037855e-3,1.9383696007050843e-3,1.877927319652386e-5,1.271013502626324e-5,3.001818142450301e-5
decode-1MB-Base64UrlPad-TextShort,1.954041033549971e-3,1.9499941571589506e-3,1.962255381113159e-3,1.8395471922337213e-5,1.1178818582524363e-5,2.7384577388740366e-5
decode-1MB-Base64UrlPad-Byte,1.9109508445641938e-3,1.905536756917912e-3,1.9204481409438737e-3,2.4386593184588868e-5,1.5833168153972394e-5,3.5690784767193916e-5
decode-1MB-Base64UrlPad-ByteLazy,1.9006058740086667e-3,1.8939524771635443e-3,1.9125532071024188e-3,2.8123642069627255e-5,1.6804303319054888e-5,4.4949508396850964e-5
decode-1MB-Base64UrlPad-ByteShort,1.9613332951640907e-3,1.9543956898792824e-3,1.9741237703085604e-3,3.321125261763231e-5,1.9276770548067172e-5,5.7481015043397206e-5
