Name,Mean,MeanLB,MeanUB,Stddev,StddevLB,StddevUB
decode-1MB-Base64UrlPad-Text,1.9352037878532194e-3,1.922001527647439e-3,1.9703247858916437e-3,6.731954317577536e-5,2.496786834783663e-5,1.1418771312188527e-4
decode-1MB-Base64UrlPad-TextLazy,1.9423062882140555e-3,1.9246537188052882e-3,1.9791875402021437e-3,8.558528931626874e-5,3.439488655057109e-5,1.4020334344879389e-4
decode-1MB-Base64UrlPad-TextShort,1.9566456852276866e-3,1.9432106941392351e-3,2.0060522330145906e-3,8.24832781525346e-5,1.0870217876759544e-5,1.74466364647541e-4
decode-1MB-Base64UrlPad-Byte,1.8927491811485146e-3,1.8887454218056174e-3,1.9003955493139902e-3,1.7944104575931105e-5,1.0893763174574083e-5,3.1702953011810956e-5
decode-1MB-Base64UrlPad-ByteLazy,1.8876954760252832e-3,1.8842356820408478e-3,1.8959453810006438e-3,1.7008331136404708e-5,5.666144917057019e-6,2.9255656860379904e-5
decode-1MB-Base64UrlPad-ByteShort,1.9496609060131432e-3,1.944312453149624e-3,1.9595354585469193e-3,2.4180674164257262e-5,1.2008145074824096e-5,3.980502627582235e-5
