Name,Mean,MeanLB,MeanUB,Stddev,StddevLB,StddevUB
encode-0025B-Base64UrlPad-ByteLazy,2.57347903830489e-7,2.5579345040775855e-7,2.5937918428563866e-7,5.819866372910838e-9,4.612137973320929e-9,7.84246830662808e-9
encode-010KB-Base64UrlPad-ByteLazy,4.786322022001866e-6,4.76459268340477e-6,4.8168594265118014e-6,8.55402721820021e-8,6.775932187093548e-8,1.1137297947746178e-7
encode-001MB-Base64UrlPad-ByteLazy,4.541553384023977e-4,4.533025007596535e-4,4.5535101079508054e-4,3.350937283596147e-6,2.574221308389347e-6,4.5796970529421245e-6
