Name,Mean,MeanLB,MeanUB,Stddev,StddevLB,StddevUB
encode-0025B-Base64UrlPad-ByteLazy,2.5129697059016094e-7,2.507998594023958e-7,2.520102965538686e-7,1.86635926213415e-9,1.389443216107963e-9,2.8661599085079165e-9
encode-001MB-Base64UrlPad-ByteLazy,4.512103407749627e-4,4.507727765605898e-4,4.520775528662672e-4,1.8801102355133858e-6,1.2994686509246847e-6,2.7576918665041805e-6
